"","N1","hoved","grunn","county","region","Ind","Rv","Gv","maxmin"
"1","natopen","NA","T2-C-1","all","all","CC1",0.218725547855927,0.0872023810339286,0
"2","natopen","NA","T2-C-1","all","all","CC2",0.218725547855927,0.385347626616939,1
"3","natopen","NA","T2-C-2","all","all","CC1",0.198412698619048,0.066666666795,0
"4","natopen","NA","T2-C-2","all","all","CC2",0.198412698619048,0.27999999984,1
"5","natopen","NA","T2-C-3","all","all","CC1",0.173896742490682,0.0400087365495157,0
"6","natopen","NA","T2-C-3","all","all","CC2",0.173896742490682,0.376811718459908,1
"7","natopen","NA","T2-C-4","all","all","CC1",0.121579809322969,0.0284904971201754,0
"8","natopen","NA","T2-C-4","all","all","CC2",0.121579809322969,0.195911910083295,1
"9","natopen","NA","T2-C-5","all","all","CC1",0.20833333352027,0.10653521844566,0
"10","natopen","NA","T2-C-5","all","all","CC2",0.20833333352027,0.333035407219464,1
"11","natopen","NA","T2-C-6","all","all","CC1",0.0946201678021087,0.0133185525240887,0
"12","natopen","NA","T2-C-6","all","all","CC2",0.0946201678021087,0.253938839312494,1
"13","natopen","NA","T2-C-7","all","all","CC1",0.258284574462916,0.163556458216949,0
"14","natopen","NA","T2-C-7","all","all","CC2",0.258284574462916,0.368968609733435,1
"15","natopen","NA","T2-C-8","all","all","CC1",0.240582024756518,0.170062470046427,0
"16","natopen","NA","T2-C-8","all","all","CC2",0.240582024756518,0.325651390267887,1
"17","natopen","NA","T2-C-7_BN","all","all","CC1",0.214405180991395,0.106859362879481,0
"18","natopen","NA","T2-C-7_BN","all","all","CC2",0.214405180991395,0.347613392768055,1
"19","natopen","NA","T2-C-8_BN","all","all","CC1",0.174523009586897,0.0641388799275388,0
"20","natopen","NA","T2-C-8_BN","all","all","CC2",0.174523009586897,0.333513379039609,1
"21","natopen","NA","T8-C-1","all","all","CC1",0.222008546964103,0.095227832621886,0
"22","natopen","NA","T8-C-1","all","all","CC2",0.222008546964103,0.374167673190196,1
"23","natopen","NA","T8-C-2","all","all","CC1",NA,NA,0
"24","natopen","NA","T8-C-2","all","all","CC2",NA,NA,1
"25","natopen","NA","T8-C-3","all","all","CC1",0.151515151636364,0.0246838301842818,0
"26","natopen","NA","T8-C-3","all","all","CC2",0.151515151636364,0.282828282548485,1
"27","natopen","NA","T11-C-1","all","all","CC1",NA,NA,0
"28","natopen","NA","T11-C-1","all","all","CC2",NA,NA,1
"29","natopen","NA","T11-C-2","all","all","CC1",NA,NA,0
"30","natopen","NA","T11-C-2","all","all","CC2",NA,NA,1
"31","natopen","NA","T12-C-1","all","all","CC1",0.485389801440117,0.290212626396909,0
"32","natopen","NA","T12-C-1","all","all","CC2",0.485389801440117,0.847222222166667,1
"33","natopen","NA","T12-C-2","all","all","CC1",0.406940710808767,0.286159641448395,0
"34","natopen","NA","T12-C-2","all","all","CC2",0.406940710808767,0.549194141953103,1
"35","natopen","NA","T13-C-1","all","all","CC1",NA,NA,0
"36","natopen","NA","T13-C-1","all","all","CC2",NA,NA,1
"37","natopen","NA","T13-C-2","all","all","CC1",NA,NA,0
"38","natopen","NA","T13-C-2","all","all","CC2",NA,NA,1
"39","natopen","NA","T13-C-3","all","all","CC1",NA,NA,0
"40","natopen","NA","T13-C-3","all","all","CC2",NA,NA,1
"41","natopen","NA","T13-C-4","all","all","CC1",NA,NA,0
"42","natopen","NA","T13-C-4","all","all","CC2",NA,NA,1
"43","natopen","NA","T13-C-5","all","all","CC1",0.166666667,0.0650406505365854,0
"44","natopen","NA","T13-C-5","all","all","CC2",0.166666667,0.268292682853659,1
"45","natopen","NA","T13-C-6","all","all","CC1",0.188345014474678,0.0489304699889522,0
"46","natopen","NA","T13-C-6","all","all","CC2",0.188345014474678,0.315448886538432,1
"47","natopen","NA","T13-C-7","all","all","CC1",0.257575757848485,0.0127257572744479,0
"48","natopen","NA","T13-C-7","all","all","CC2",0.257575757848485,0.597257653191303,1
"49","natopen","NA","T13-C-8","all","all","CC1",0.194444444666667,0.0813008130731707,0
"50","natopen","NA","T13-C-8","all","all","CC2",0.194444444666667,0.319105691390244,1
"51","natopen","NA","T13-C-9","all","all","CC1",0.20544640814206,0.13071120715625,0
"52","natopen","NA","T13-C-9","all","all","CC2",0.20544640814206,0.362815656869949,1
"53","natopen","NA","T13-C-10","all","all","CC1",NA,NA,0
"54","natopen","NA","T13-C-10","all","all","CC2",NA,NA,1
"55","natopen","NA","T13-C-11","all","all","CC1",NA,NA,0
"56","natopen","NA","T13-C-11","all","all","CC2",NA,NA,1
"57","natopen","NA","T13-C-12","all","all","CC1",NA,NA,0
"58","natopen","NA","T13-C-12","all","all","CC2",NA,NA,1
"59","natopen","NA","T13-C-13","all","all","CC1",NA,NA,0
"60","natopen","NA","T13-C-13","all","all","CC2",NA,NA,1
"61","natopen","NA","T13-C-14","all","all","CC1",NA,NA,0
"62","natopen","NA","T13-C-14","all","all","CC2",NA,NA,1
"63","natopen","NA","T13-C-15","all","all","CC1",NA,NA,0
"64","natopen","NA","T13-C-15","all","all","CC2",NA,NA,1
"65","natopen","NA","T15","all","all","CC1",0.357323232409091,0.246245322430613,0
"66","natopen","NA","T15","all","all","CC2",0.357323232409091,0.505022877559511,1
"67","natopen","NA","T15-Bratli21","all","all","CC1",0.293839849657314,0.247280055361696,0
"68","natopen","NA","T15-Bratli21","all","all","CC2",0.293839849657314,0.379999250674586,1
"69","natopen","NA","T16-C-1","all","all","CC1",0.258454106275362,0.156651515226955,0
"70","natopen","NA","T16-C-1","all","all","CC2",0.258454106275362,0.376811594193478,1
"71","natopen","NA","T16-C-2","all","all","CC1",0.287812787713277,0.16666666677968,0
"72","natopen","NA","T16-C-2","all","all","CC2",0.287812787713277,0.416710206218489,1
"73","natopen","NA","T16-C-3","all","all","CC1",0.2351820442811,0.14683853588335,0
"74","natopen","NA","T16-C-3","all","all","CC2",0.2351820442811,0.376984373400567,1
"75","natopen","NA","T16-C-4","all","all","CC1",0.255304129338438,0.14272047666065,0
"76","natopen","NA","T16-C-4","all","all","CC2",0.255304129338438,0.395129063217753,1
"77","natopen","NA","T16-C-5","all","all","CC1",0.425719296027811,0.265778811552711,0
"78","natopen","NA","T16-C-5","all","all","CC2",0.425719296027811,0.6631052428301,1
"79","natopen","NA","T16-C-6","all","all","CC1",0.4465908152953,0.286606860160765,0
"80","natopen","NA","T16-C-6","all","all","CC2",0.4465908152953,0.677403693301931,1
"81","natopen","NA","T16-C-7","all","all","CC1",0.310265006560345,0.0961538463076923,0
"82","natopen","NA","T16-C-7","all","all","CC2",0.310265006560345,0.555256292177269,1
"83","natopen","NA","T18-C-1","all","all","CC1",0.428448604359435,0.217570956944948,0
"84","natopen","NA","T18-C-1","all","all","CC2",0.428448604359435,0.612965462373162,1
"85","natopen","NA","T18-C-2","all","all","CC1",0.340239509420957,0.168040804253082,0
"86","natopen","NA","T18-C-2","all","all","CC2",0.340239509420957,0.508030862343344,1
"87","natopen","NA","T18-C-3","all","all","CC1",NA,NA,0
"88","natopen","NA","T18-C-3","all","all","CC2",NA,NA,1
"89","natopen","NA","T18-C-4","all","all","CC1",NA,NA,0
"90","natopen","NA","T18-C-4","all","all","CC2",NA,NA,1
"91","natopen","NA","T21-C-1","all","all","CC1",0.372710622698801,0.181318681318681,0
"92","natopen","NA","T21-C-1","all","all","CC2",0.372710622698801,0.573070415948036,1
"93","natopen","NA","T21-C-2","all","all","CC1",0.400078851237666,0.29618851284741,0
"94","natopen","NA","T21-C-2","all","all","CC2",0.400078851237666,0.484721208170187,1
"95","natopen","NA","T21-C-3","all","all","CC1",0.272161494200361,0.171558572342304,0
"96","natopen","NA","T21-C-3","all","all","CC2",0.272161494200361,0.390117105516772,1
"97","natopen","NA","T21-C-4","all","all","CC1",0.349061199235468,0.197130371070014,0
"98","natopen","NA","T21-C-4","all","all","CC2",0.349061199235468,0.509805850224723,1
"99","natopen","NA","T21-7","all","all","CC1",0.269009956536294,0.0920614364833503,0
"100","natopen","NA","T21-7","all","all","CC2",0.269009956536294,0.421599429511367,1
"101","natopen","NA","T24-C-1_samlet","all","all","CC1",0.465604758281801,0.314122942284488,0
"102","natopen","NA","T24-C-1_samlet","all","all","CC2",0.465604758281801,0.620390673093037,1
"103","natopen","NA","T24-C-2_samlet","all","all","CC1",0.354415686943081,0.17335717251372,0
"104","natopen","NA","T24-C-2_samlet","all","all","CC2",0.354415686943081,0.5177250213697,1
"105","natopen","NA","T24-C-1_Moere","all","all","CC1",0.486542109451587,0.265787483460822,0
"106","natopen","NA","T24-C-1_Moere","all","all","CC2",0.486542109451587,0.652961956859337,1
"107","natopen","NA","T24-C-1_Troendelag","all","all","CC1",0.560587232615999,0.321087019810783,0
"108","natopen","NA","T24-C-1_Troendelag","all","all","CC2",0.560587232615999,0.739088159284064,1
"109","natopen","NA","T24-C-1_Troms","all","all","CC1",0.399326982709472,0.191452891650945,0
"110","natopen","NA","T24-C-1_Troms","all","all","CC2",0.399326982709472,0.602564102579808,1
"111","natopen","NA","T24-C-1_Finnmark","all","all","CC1",0.343694180977896,0.133577432044113,0
"112","natopen","NA","T24-C-1_Finnmark","all","all","CC2",0.343694180977896,0.508645582659913,1
"113","natopen","NA","T24-C-2_Moere","all","all","CC1",0.444444444388889,0.161764705882353,0
"114","natopen","NA","T24-C-2_Moere","all","all","CC2",0.444444444388889,0.647058823529412,1
"115","natopen","NA","T24-C-2_Troendelag","all","all","CC1",0.430824266811329,0.180120443077566,0
"116","natopen","NA","T24-C-2_Troendelag","all","all","CC2",0.430824266811329,0.671341353592271,1
"117","natopen","NA","T24-C-2_Troms","all","all","CC1",0.320296446156349,0.17755769027697,0
"118","natopen","NA","T24-C-2_Troms","all","all","CC2",0.320296446156349,0.436584249074568,1
"119","natopen","NA","T24-C-2_Finnmark","all","all","CC1",0.4152652156303,0.247563975779045,0
"120","natopen","NA","T24-C-2_Finnmark","all","all","CC2",0.4152652156303,0.575501572310481,1
"121","natopen","NA","T29-C-1","all","all","CC1",0.372979798204545,0.185595539019697,0
"122","natopen","NA","T29-C-1","all","all","CC2",0.372979798204545,0.574671052653947,1
"123","natopen","NA","T29-C-2","all","all","CC1",0.33271417435093,0.212107915494477,0
"124","natopen","NA","T29-C-2","all","all","CC2",0.33271417435093,0.470915916758937,1
"125","natopen","NA","T29-C-3","all","all","CC1",0.168292603358792,0.0883565550719557,0
"126","natopen","NA","T29-C-3","all","all","CC2",0.168292603358792,0.247831903649085,1
"127","natopen","NA","T29-C-4","all","all","CC1",0.209876543333333,0.0833333334735901,0
"128","natopen","NA","T29-C-4","all","all","CC2",0.209876543333333,0.377687872294675,1
"129","natopen","NA","T29-C-5","all","all","CC1",0.469902181204214,0.319856028949114,0
"130","natopen","NA","T29-C-5","all","all","CC2",0.469902181204214,0.619191469650657,1
"131","natopen","NA","T29-C-6","all","all","CC1",0.42476415095566,0.216666666752917,0
"132","natopen","NA","T29-C-6","all","all","CC2",0.42476415095566,0.612909133760951,1
"133","natopen","NA","T2-C-1","all","all","SS1",0.66915422891791,0.500000000328125,0
"134","natopen","NA","T2-C-1","all","all","SS2",0.66915422891791,0.742320728917942,1
"135","natopen","NA","T2-C-2","all","all","SS1",0.666666666666667,0.433284313592059,0
"136","natopen","NA","T2-C-2","all","all","SS2",0.666666666666667,0.783357843201765,1
"137","natopen","NA","T2-C-3","all","all","SS1",0.560212921800953,0.330085784567647,0
"138","natopen","NA","T2-C-3","all","all","SS2",0.560212921800953,0.785294117735294,1
"139","natopen","NA","T2-C-4","all","all","SS1",0.563074777784261,0.313876811740109,0
"140","natopen","NA","T2-C-4","all","all","SS2",0.563074777784261,0.767216879354552,1
"141","natopen","NA","T2-C-5","all","all","SS1",0.516510905860664,0.360629117230771,0
"142","natopen","NA","T2-C-5","all","all","SS2",0.516510905860664,0.681466935663445,1
"143","natopen","NA","T2-C-6","all","all","SS1",0.578125000222039,0.413919456584563,0
"144","natopen","NA","T2-C-6","all","all","SS2",0.578125000222039,0.760137836842614,1
"145","natopen","NA","T2-C-7","all","all","SS1",0.552503070268783,0.435462067221732,0
"146","natopen","NA","T2-C-7","all","all","SS2",0.552503070268783,0.662721923754392,1
"147","natopen","NA","T2-C-8","all","all","SS1",0.582204222580451,0.485129079407279,0
"148","natopen","NA","T2-C-8","all","all","SS2",0.582204222580451,0.690133110758129,1
"149","natopen","NA","T2-C-7_BN","all","all","SS1",0.575122203637116,0.467295577361985,0
"150","natopen","NA","T2-C-7_BN","all","all","SS2",0.575122203637116,0.739776766927242,1
"151","natopen","NA","T2-C-8_BN","all","all","SS1",0.618556018313384,0.46921472026803,0
"152","natopen","NA","T2-C-8_BN","all","all","SS2",0.618556018313384,0.800293071238063,1
"153","natopen","NA","T8-C-1","all","all","SS1",0.334921931754902,0.149935897410604,0
"154","natopen","NA","T8-C-1","all","all","SS2",0.334921931754902,0.538085981132207,1
"155","natopen","NA","T8-C-2","all","all","SS1",NA,NA,0
"156","natopen","NA","T8-C-2","all","all","SS2",NA,NA,1
"157","natopen","NA","T8-C-3","all","all","SS1",0.575757575757576,0.346085858431818,0
"158","natopen","NA","T8-C-3","all","all","SS2",0.575757575757576,0.808212121161545,1
"159","natopen","NA","T11-C-1","all","all","SS1",NA,NA,0
"160","natopen","NA","T11-C-1","all","all","SS2",NA,NA,1
"161","natopen","NA","T11-C-2","all","all","SS1",NA,NA,0
"162","natopen","NA","T11-C-2","all","all","SS2",NA,NA,1
"163","natopen","NA","T12-C-1","all","all","SS1",0.148148148,0.00400400401201201,0
"164","natopen","NA","T12-C-1","all","all","SS2",0.148148148,0.326683261902845,1
"165","natopen","NA","T12-C-2","all","all","SS1",0.252005748898665,0.158166418179779,0
"166","natopen","NA","T12-C-2","all","all","SS2",0.252005748898665,0.378775831339949,1
"167","natopen","NA","T13-C-1","all","all","SS1",NA,NA,0
"168","natopen","NA","T13-C-1","all","all","SS2",NA,NA,1
"169","natopen","NA","T13-C-2","all","all","SS1",NA,NA,0
"170","natopen","NA","T13-C-2","all","all","SS2",NA,NA,1
"171","natopen","NA","T13-C-3","all","all","SS1",NA,NA,0
"172","natopen","NA","T13-C-3","all","all","SS2",NA,NA,1
"173","natopen","NA","T13-C-4","all","all","SS1",NA,NA,0
"174","natopen","NA","T13-C-4","all","all","SS2",NA,NA,1
"175","natopen","NA","T13-C-5","all","all","SS1",0.583333333666667,0.400406504268293,0
"176","natopen","NA","T13-C-5","all","all","SS2",0.583333333666667,0.821138211512195,1
"177","natopen","NA","T13-C-6","all","all","SS1",0.501689266504623,0.327020202331818,0
"178","natopen","NA","T13-C-6","all","all","SS2",0.501689266504623,0.640102770621113,1
"179","natopen","NA","T13-C-7","all","all","SS1",0.532828282954545,0.190763052240964,0
"180","natopen","NA","T13-C-7","all","all","SS2",0.532828282954545,0.978556009299932,1
"181","natopen","NA","T13-C-8","all","all","SS1",0.611111111333333,0.416666667,0
"182","natopen","NA","T13-C-8","all","all","SS2",0.611111111333333,0.83739837404878,1
"183","natopen","NA","T13-C-9","all","all","SS1",0.555555555833333,0.331563714307669,0
"184","natopen","NA","T13-C-9","all","all","SS2",0.555555555833333,0.711282027758028,1
"185","natopen","NA","T13-C-10","all","all","SS1",NA,NA,0
"186","natopen","NA","T13-C-10","all","all","SS2",NA,NA,1
"187","natopen","NA","T13-C-11","all","all","SS1",NA,NA,0
"188","natopen","NA","T13-C-11","all","all","SS2",NA,NA,1
"189","natopen","NA","T13-C-12","all","all","SS1",NA,NA,0
"190","natopen","NA","T13-C-12","all","all","SS2",NA,NA,1
"191","natopen","NA","T13-C-13","all","all","SS1",NA,NA,0
"192","natopen","NA","T13-C-13","all","all","SS2",NA,NA,1
"193","natopen","NA","T13-C-14","all","all","SS1",NA,NA,0
"194","natopen","NA","T13-C-14","all","all","SS2",NA,NA,1
"195","natopen","NA","T13-C-15","all","all","SS1",NA,NA,0
"196","natopen","NA","T13-C-15","all","all","SS2",NA,NA,1
"197","natopen","NA","T15","all","all","SS1",0.414018530818772,0.241373196432383,0
"198","natopen","NA","T15","all","all","SS2",0.414018530818772,0.562980535430555,1
"199","natopen","NA","T15-Bratli21","all","all","SS1",0.53439804108512,0.435166103668499,0
"200","natopen","NA","T15-Bratli21","all","all","SS2",0.53439804108512,0.602360035803666,1
"201","natopen","NA","T16-C-1","all","all","SS1",0.465647370269141,0.280400101242901,0
"202","natopen","NA","T16-C-1","all","all","SS2",0.465647370269141,0.656723133021604,1
"203","natopen","NA","T16-C-2","all","all","SS1",0.481766381911681,0.32096959755265,0
"204","natopen","NA","T16-C-2","all","all","SS2",0.481766381911681,0.672624559097116,1
"205","natopen","NA","T16-C-3","all","all","SS1",0.498099598435585,0.364641223201573,0
"206","natopen","NA","T16-C-3","all","all","SS2",0.498099598435585,0.620201270727549,1
"207","natopen","NA","T16-C-4","all","all","SS1",0.522406873668317,0.377601644480935,0
"208","natopen","NA","T16-C-4","all","all","SS2",0.522406873668317,0.688268314414214,1
"209","natopen","NA","T16-C-5","all","all","SS1",0.330104938578487,0.164925291196144,0
"210","natopen","NA","T16-C-5","all","all","SS2",0.330104938578487,0.544694189773684,1
"211","natopen","NA","T16-C-6","all","all","SS1",0.370048064547015,0.202495450717131,0
"212","natopen","NA","T16-C-6","all","all","SS2",0.370048064547015,0.535557357044186,1
"213","natopen","NA","T16-C-7","all","all","SS1",0.4333333335,0.224983974558462,0
"214","natopen","NA","T16-C-7","all","all","SS2",0.4333333335,0.638888889222222,1
"215","natopen","NA","T18-C-1","all","all","SS1",0.360301201604094,0.162339722198764,0
"216","natopen","NA","T18-C-1","all","all","SS2",0.360301201604094,0.557321847616205,1
"217","natopen","NA","T18-C-2","all","all","SS1",0.145064033042244,0.0387522361305584,0
"218","natopen","NA","T18-C-2","all","all","SS2",0.145064033042244,0.27075394365401,1
"219","natopen","NA","T18-C-3","all","all","SS1",NA,NA,0
"220","natopen","NA","T18-C-3","all","all","SS2",NA,NA,1
"221","natopen","NA","T18-C-4","all","all","SS1",NA,NA,0
"222","natopen","NA","T18-C-4","all","all","SS2",NA,NA,1
"223","natopen","NA","T21-C-1","all","all","SS1",0.277115702733118,0.0274048606017598,0
"224","natopen","NA","T21-C-1","all","all","SS2",0.277115702733118,0.502445068162928,1
"225","natopen","NA","T21-C-2","all","all","SS1",0.442127562176256,0.344234312740304,0
"226","natopen","NA","T21-C-2","all","all","SS2",0.442127562176256,0.565985019882057,1
"227","natopen","NA","T21-C-3","all","all","SS1",0.472537110727815,0.357042085745289,0
"228","natopen","NA","T21-C-3","all","all","SS2",0.472537110727815,0.60369769758497,1
"229","natopen","NA","T21-C-4","all","all","SS1",0.36889228538507,0.134257297598533,0
"230","natopen","NA","T21-C-4","all","all","SS2",0.36889228538507,0.614147553220332,1
"231","natopen","NA","T21-7","all","all","SS1",0.413985696958785,0.207794622326945,0
"232","natopen","NA","T21-7","all","all","SS2",0.413985696958785,0.730021045904101,1
"233","natopen","NA","T24-C-1_samlet","all","all","SS1",0.122642535301226,0.0291799717759343,0
"234","natopen","NA","T24-C-1_samlet","all","all","SS2",0.122642535301226,0.235038124769462,1
"235","natopen","NA","T24-C-2_samlet","all","all","SS1",0.0942890672368675,0.00382002434040403,0
"236","natopen","NA","T24-C-2_samlet","all","all","SS2",0.0942890672368675,0.272874788061141,1
"237","natopen","NA","T24-C-1_Moere","all","all","SS1",0.133578251614812,0.0229359350508959,0
"238","natopen","NA","T24-C-1_Moere","all","all","SS2",0.133578251614812,0.320864539447753,1
"239","natopen","NA","T24-C-1_Troendelag","all","all","SS1",0.122326796583029,0.0157262404009943,0
"240","natopen","NA","T24-C-1_Troendelag","all","all","SS2",0.122326796583029,0.293960379698723,1
"241","natopen","NA","T24-C-1_Troms","all","all","SS1",0.173131262339603,0.0276880861183824,0
"242","natopen","NA","T24-C-1_Troms","all","all","SS2",0.173131262339603,0.33861497699115,1
"243","natopen","NA","T24-C-1_Finnmark","all","all","SS1",0.149506882319327,0.00739003187906253,0
"244","natopen","NA","T24-C-1_Finnmark","all","all","SS2",0.149506882319327,0.367402855147204,1
"245","natopen","NA","T24-C-2_Moere","all","all","SS1",0.0882352940588235,0,0
"246","natopen","NA","T24-C-2_Moere","all","all","SS2",0.0882352940588235,0.297678571168214,1
"247","natopen","NA","T24-C-2_Troendelag","all","all","SS1",0.108939467305746,0.00549523413101849,0
"248","natopen","NA","T24-C-2_Troendelag","all","all","SS2",0.108939467305746,0.282533542922135,1
"249","natopen","NA","T24-C-2_Troms","all","all","SS1",0.0845077127742335,0.00152224824203747,0
"250","natopen","NA","T24-C-2_Troms","all","all","SS2",0.0845077127742335,0.235755332354378,1
"251","natopen","NA","T24-C-2_Finnmark","all","all","SS1",0.172440214358967,0.056734777565843,0
"252","natopen","NA","T24-C-2_Finnmark","all","all","SS2",0.172440214358967,0.323035253749688,1
"253","natopen","NA","T29-C-1","all","all","SS1",0.239837398512195,0.0849914967677891,0
"254","natopen","NA","T29-C-1","all","all","SS2",0.239837398512195,0.472368421385088,1
"255","natopen","NA","T29-C-2","all","all","SS1",0.522996661092924,0.367392848394633,0
"256","natopen","NA","T29-C-2","all","all","SS2",0.522996661092924,0.674048984246968,1
"257","natopen","NA","T29-C-3","all","all","SS1",0.56197704974075,0.421507924895971,0
"258","natopen","NA","T29-C-3","all","all","SS2",0.56197704974075,0.703530752428736,1
"259","natopen","NA","T29-C-4","all","all","SS1",0.470384545387917,0.266967592656111,0
"260","natopen","NA","T29-C-4","all","all","SS2",0.470384545387917,0.684111077209639,1
"261","natopen","NA","T29-C-5","all","all","SS1",0.139568342363848,0.0291522199784808,0
"262","natopen","NA","T29-C-5","all","all","SS2",0.139568342363848,0.311128382349004,1
"263","natopen","NA","T29-C-6","all","all","SS1",0.210784313808824,0.037417754907645,0
"264","natopen","NA","T29-C-6","all","all","SS2",0.210784313808824,0.444552581755885,1
"265","natopen","NA","T2-C-1","all","all","RR1",0.114583333375,0.00586550914712239,0
"266","natopen","NA","T2-C-1","all","all","RR2",0.114583333375,0.296296296555556,1
"267","natopen","NA","T2-C-2","all","all","RR1",0.15999999984,0,0
"268","natopen","NA","T2-C-2","all","all","RR2",0.15999999984,0.411793411295036,1
"269","natopen","NA","T2-C-3","all","all","RR1",0.241260521400828,0.0277696437837299,0
"270","natopen","NA","T2-C-3","all","all","RR2",0.241260521400828,0.560074801310472,1
"271","natopen","NA","T2-C-4","all","all","RR1",0.323103087559184,0.125237474163418,0
"272","natopen","NA","T2-C-4","all","all","RR2",0.323103087559184,0.527796052689474,1
"273","natopen","NA","T2-C-5","all","all","RR1",0.260045055753024,0.111343149264022,0
"274","natopen","NA","T2-C-5","all","all","RR2",0.260045055753024,0.449526337746422,1
"275","natopen","NA","T2-C-6","all","all","RR1",0.304566319854688,0.0989874807120878,0
"276","natopen","NA","T2-C-6","all","all","RR2",0.304566319854688,0.514358394932104,1
"277","natopen","NA","T2-C-7","all","all","RR1",0.185297698367497,0.0977621666507308,0
"278","natopen","NA","T2-C-7","all","all","RR2",0.185297698367497,0.281702510152896,1
"279","natopen","NA","T2-C-8","all","all","RR1",0.171862959650863,0.0776302697322653,0
"280","natopen","NA","T2-C-8","all","all","RR2",0.171862959650863,0.301983410129266,1
"281","natopen","NA","T2-C-7_BN","all","all","RR1",0.193645683528706,0.0854020141681298,0
"282","natopen","NA","T2-C-7_BN","all","all","RR2",0.193645683528706,0.314986938127783,1
"283","natopen","NA","T2-C-8_BN","all","all","RR1",0.195566732331633,0.0779590804682607,0
"284","natopen","NA","T2-C-8_BN","all","all","RR2",0.195566732331633,0.339984626293891,1
"285","natopen","NA","T8-C-1","all","all","RR1",0.430780687192274,0.257080026344061,0
"286","natopen","NA","T8-C-1","all","all","RR2",0.430780687192274,0.660034013641837,1
"287","natopen","NA","T8-C-2","all","all","RR1",NA,NA,0
"288","natopen","NA","T8-C-2","all","all","RR2",NA,NA,1
"289","natopen","NA","T8-C-3","all","all","RR1",0.265151515121212,0.132544191892424,0
"290","natopen","NA","T8-C-3","all","all","RR2",0.265151515121212,0.430894309073781,1
"291","natopen","NA","T11-C-1","all","all","RR1",NA,NA,0
"292","natopen","NA","T11-C-1","all","all","RR2",NA,NA,1
"293","natopen","NA","T11-C-2","all","all","RR1",NA,NA,0
"294","natopen","NA","T11-C-2","all","all","RR2",NA,NA,1
"295","natopen","NA","T12-C-1","all","all","RR1",0.357142857,0.0196078431176471,0
"296","natopen","NA","T12-C-1","all","all","RR2",0.357142857,0.68055555554902,1
"297","natopen","NA","T12-C-2","all","all","RR1",0.333885618733045,0.238145637579393,0
"298","natopen","NA","T12-C-2","all","all","RR2",0.333885618733045,0.430295068038449,1
"299","natopen","NA","T13-C-1","all","all","RR1",NA,NA,0
"300","natopen","NA","T13-C-1","all","all","RR2",NA,NA,1
"301","natopen","NA","T13-C-2","all","all","RR1",NA,NA,0
"302","natopen","NA","T13-C-2","all","all","RR2",NA,NA,1
"303","natopen","NA","T13-C-3","all","all","RR1",NA,NA,0
"304","natopen","NA","T13-C-3","all","all","RR2",NA,NA,1
"305","natopen","NA","T13-C-4","all","all","RR1",NA,NA,0
"306","natopen","NA","T13-C-4","all","all","RR2",NA,NA,1
"307","natopen","NA","T13-C-5","all","all","RR1",0.235772357585366,0.0574712644137931,0
"308","natopen","NA","T13-C-5","all","all","RR2",0.235772357585366,0.388888889,1
"309","natopen","NA","T13-C-6","all","all","RR1",0.305974239498182,0.181598449890395,0
"310","natopen","NA","T13-C-6","all","all","RR2",0.305974239498182,0.461281965699591,1
"311","natopen","NA","T13-C-7","all","all","RR1",0.133838384045455,0.00596943649713467,0
"312","natopen","NA","T13-C-7","all","all","RR2",0.133838384045455,0.33503401377551,1
"313","natopen","NA","T13-C-8","all","all","RR1",0.194444444666667,0.0325203252682927,0
"314","natopen","NA","T13-C-8","all","all","RR2",0.194444444666667,0.38218390837931,1
"315","natopen","NA","T13-C-9","all","all","RR1",0.229323308447368,0.134075511179542,0
"316","natopen","NA","T13-C-9","all","all","RR2",0.229323308447368,0.365384615676923,1
"317","natopen","NA","T13-C-10","all","all","RR1",NA,NA,0
"318","natopen","NA","T13-C-10","all","all","RR2",NA,NA,1
"319","natopen","NA","T13-C-11","all","all","RR1",NA,NA,0
"320","natopen","NA","T13-C-11","all","all","RR2",NA,NA,1
"321","natopen","NA","T13-C-12","all","all","RR1",NA,NA,0
"322","natopen","NA","T13-C-12","all","all","RR2",NA,NA,1
"323","natopen","NA","T13-C-13","all","all","RR1",NA,NA,0
"324","natopen","NA","T13-C-13","all","all","RR2",NA,NA,1
"325","natopen","NA","T13-C-14","all","all","RR1",NA,NA,0
"326","natopen","NA","T13-C-14","all","all","RR2",NA,NA,1
"327","natopen","NA","T13-C-15","all","all","RR1",NA,NA,0
"328","natopen","NA","T13-C-15","all","all","RR2",NA,NA,1
"329","natopen","NA","T15","all","all","RR1",0.228449003797366,0.119995822401376,0
"330","natopen","NA","T15","all","all","RR2",0.228449003797366,0.336445111580918,1
"331","natopen","NA","T15-Bratli21","all","all","RR1",0.169488171458075,0.128336384131362,0
"332","natopen","NA","T15-Bratli21","all","all","RR2",0.169488171458075,0.209220227017734,1
"333","natopen","NA","T16-C-1","all","all","RR1",0.267759562819672,0.104906366496902,0
"334","natopen","NA","T16-C-1","all","all","RR2",0.267759562819672,0.479965225819959,1
"335","natopen","NA","T16-C-2","all","all","RR1",0.220398849777944,0.0928434065964835,0
"336","natopen","NA","T16-C-2","all","all","RR2",0.220398849777944,0.395884886670913,1
"337","natopen","NA","T16-C-3","all","all","RR1",0.256772855762631,0.131853251410114,0
"338","natopen","NA","T16-C-3","all","all","RR2",0.256772855762631,0.402701623876534,1
"339","natopen","NA","T16-C-4","all","all","RR1",0.214845522428311,0.103214510610087,0
"340","natopen","NA","T16-C-4","all","all","RR2",0.214845522428311,0.338131008714815,1
"341","natopen","NA","T16-C-5","all","all","RR1",0.222303761774752,0.0801329257097492,0
"342","natopen","NA","T16-C-5","all","all","RR2",0.222303761774752,0.389701850581766,1
"343","natopen","NA","T16-C-6","all","all","RR1",0.171787030623418,0.0626139434571017,0
"344","natopen","NA","T16-C-6","all","all","RR2",0.171787030623418,0.306152578940681,1
"345","natopen","NA","T16-C-7","all","all","RR1",0.241379310413793,0.0778104084374699,0
"346","natopen","NA","T16-C-7","all","all","RR2",0.241379310413793,0.4861979168875,1
"347","natopen","NA","T18-C-1","all","all","RR1",0.218195611812367,0.0701694072608576,0
"348","natopen","NA","T18-C-1","all","all","RR2",0.218195611812367,0.393147780803858,1
"349","natopen","NA","T18-C-2","all","all","RR1",0.520878427164908,0.334748272204421,0
"350","natopen","NA","T18-C-2","all","all","RR2",0.520878427164908,0.669917754757377,1
"351","natopen","NA","T18-C-3","all","all","RR1",NA,NA,0
"352","natopen","NA","T18-C-3","all","all","RR2",NA,NA,1
"353","natopen","NA","T18-C-4","all","all","RR1",NA,NA,0
"354","natopen","NA","T18-C-4","all","all","RR2",NA,NA,1
"355","natopen","NA","T21-C-1","all","all","RR1",0.319842406574499,0.046988206688722,0
"356","natopen","NA","T21-C-1","all","all","RR2",0.319842406574499,0.696614583318973,1
"357","natopen","NA","T21-C-2","all","all","RR1",0.162663916215927,0.0736566757047586,0
"358","natopen","NA","T21-C-2","all","all","RR2",0.162663916215927,0.242258933357001,1
"359","natopen","NA","T21-C-3","all","all","RR1",0.246877880092687,0.151780712302107,0
"360","natopen","NA","T21-C-3","all","all","RR2",0.246877880092687,0.365275679074698,1
"361","natopen","NA","T21-C-4","all","all","RR1",0.288683939964547,0.0872898042553064,0
"362","natopen","NA","T21-C-4","all","all","RR2",0.288683939964547,0.446291934152382,1
"363","natopen","NA","T21-7","all","all","RR1",0.31385480553309,0.131973503736847,0
"364","natopen","NA","T21-7","all","all","RR2",0.31385480553309,0.450398626786836,1
"365","natopen","NA","T24-C-1_samlet","all","all","RR1",0.406896671941025,0.22954104499742,0
"366","natopen","NA","T24-C-1_samlet","all","all","RR2",0.406896671941025,0.614150908595013,1
"367","natopen","NA","T24-C-2_samlet","all","all","RR1",0.539376969027723,0.328423298269718,0
"368","natopen","NA","T24-C-2_samlet","all","all","RR2",0.539376969027723,0.793553462819182,1
"369","natopen","NA","T24-C-1_Moere","all","all","RR1",0.364383116121007,0.149939943519513,0
"370","natopen","NA","T24-C-1_Moere","all","all","RR2",0.364383116121007,0.643273675654309,1
"371","natopen","NA","T24-C-1_Troendelag","all","all","RR1",0.298791044244252,0.140206439786673,0
"372","natopen","NA","T24-C-1_Troendelag","all","all","RR2",0.298791044244252,0.575466258768023,1
"373","natopen","NA","T24-C-1_Troms","all","all","RR1",0.39999999995,0.259196696876577,0
"374","natopen","NA","T24-C-1_Troms","all","all","RR2",0.39999999995,0.715091245911187,1
"375","natopen","NA","T24-C-1_Finnmark","all","all","RR1",0.50000000004417,0.200289821252758,0
"376","natopen","NA","T24-C-1_Finnmark","all","all","RR2",0.50000000004417,0.815012081809104,1
"377","natopen","NA","T24-C-2_Moere","all","all","RR1",0.451790633595041,0.259259259222222,0
"378","natopen","NA","T24-C-2_Moere","all","all","RR2",0.451790633595041,0.79172794117647,1
"379","natopen","NA","T24-C-2_Troendelag","all","all","RR1",0.441867916872122,0.236098385690794,0
"380","natopen","NA","T24-C-2_Troendelag","all","all","RR2",0.441867916872122,0.716026477692085,1
"381","natopen","NA","T24-C-2_Troms","all","all","RR1",0.593272171215596,0.391299593554561,0
"382","natopen","NA","T24-C-2_Troms","all","all","RR2",0.593272171215596,0.80610941355109,1
"383","natopen","NA","T24-C-2_Finnmark","all","all","RR1",0.397526500012411,0.223203460607069,0
"384","natopen","NA","T24-C-2_Finnmark","all","all","RR2",0.397526500012411,0.636844521214499,1
"385","natopen","NA","T29-C-1","all","all","RR1",0.370980210467532,0.179816127187652,0
"386","natopen","NA","T29-C-1","all","all","RR2",0.370980210467532,0.585858586031061,1
"387","natopen","NA","T29-C-2","all","all","RR1",0.139515369832661,0.0476937692118814,0
"388","natopen","NA","T29-C-2","all","all","RR2",0.139515369832661,0.240494523652885,1
"389","natopen","NA","T29-C-3","all","all","RR1",0.271970876038562,0.159869063817124,0
"390","natopen","NA","T29-C-3","all","all","RR2",0.271970876038562,0.390157140352894,1
"391","natopen","NA","T29-C-4","all","all","RR1",0.312163978723538,0.179758597965675,0
"392","natopen","NA","T29-C-4","all","all","RR2",0.312163978723538,0.452184606561285,1
"393","natopen","NA","T29-C-5","all","all","RR1",0.381682900098564,0.257161244615323,0
"394","natopen","NA","T29-C-5","all","all","RR2",0.381682900098564,0.554569668234727,1
"395","natopen","NA","T29-C-6","all","all","RR1",0.349679487274359,0.211111111195556,0
"396","natopen","NA","T29-C-6","all","all","RR2",0.349679487274359,0.534313725529412,1
"397","natopen","NA","T2-C-1","all","all","Light1",4.47004368629083,2.83539029535865,1
"398","natopen","NA","T2-C-1","all","all","Light2",4.47004368629083,5.42905844155844,7
"399","natopen","NA","T2-C-2","all","all","Light1",4.8,3.28925619834711,1
"400","natopen","NA","T2-C-2","all","all","Light2",4.8,6.28690476190476,7
"401","natopen","NA","T2-C-3","all","all","Light1",4.83333333333333,3.36056811439505,1
"402","natopen","NA","T2-C-3","all","all","Light2",4.83333333333333,6.18326050970126,7
"403","natopen","NA","T2-C-4","all","all","Light1",5.71583850931677,4.51794664486515,1
"404","natopen","NA","T2-C-4","all","all","Light2",5.71583850931677,6.72273441966838,7
"405","natopen","NA","T2-C-5","all","all","Light1",5.27505244190039,4.49836179230715,1
"406","natopen","NA","T2-C-5","all","all","Light2",5.27505244190039,6.00769075560242,7
"407","natopen","NA","T2-C-6","all","all","Light1",5.7408305523004,4.72416754617414,1
"408","natopen","NA","T2-C-6","all","all","Light2",5.7408305523004,6.65529310344828,7
"409","natopen","NA","T2-C-7","all","all","Light1",5.50873581629926,4.86932088425667,1
"410","natopen","NA","T2-C-7","all","all","Light2",5.50873581629926,6.19655038534547,7
"411","natopen","NA","T2-C-8","all","all","Light1",5.64196687398627,5.07862343485383,1
"412","natopen","NA","T2-C-8","all","all","Light2",5.64196687398627,6.15672205923293,7
"413","natopen","NA","T2-C-7_BN","all","all","Light1",5.54834898196673,4.76611671030677,1
"414","natopen","NA","T2-C-7_BN","all","all","Light2",5.54834898196673,6.28093463084178,7
"415","natopen","NA","T2-C-8_BN","all","all","Light1",5.75164613129432,4.88851858136772,1
"416","natopen","NA","T2-C-8_BN","all","all","Light2",5.75164613129432,6.47075379431177,7
"417","natopen","NA","T8-C-1","all","all","Light1",5.42857142857143,4.59248366013072,1
"418","natopen","NA","T8-C-1","all","all","Light2",5.42857142857143,6.29266129032258,7
"419","natopen","NA","T8-C-2","all","all","Light1",NA,NA,1
"420","natopen","NA","T8-C-2","all","all","Light2",NA,NA,7
"421","natopen","NA","T8-C-3","all","all","Light1",5.92682926829268,4.81746411483254,1
"422","natopen","NA","T8-C-3","all","all","Light2",5.92682926829268,6.75795454545455,7
"423","natopen","NA","T11-C-1","all","all","Light1",NA,NA,1
"424","natopen","NA","T11-C-1","all","all","Light2",NA,NA,7
"425","natopen","NA","T11-C-2","all","all","Light1",NA,NA,1
"426","natopen","NA","T11-C-2","all","all","Light2",NA,NA,7
"427","natopen","NA","T12-C-1","all","all","Light1",6,5,1
"428","natopen","NA","T12-C-1","all","all","Light2",6,7,7
"429","natopen","NA","T12-C-2","all","all","Light1",5.42536888439188,5.15735914111124,1
"430","natopen","NA","T12-C-2","all","all","Light2",5.42536888439188,5.69874688925545,7
"431","natopen","NA","T13-C-1","all","all","Light1",NA,NA,1
"432","natopen","NA","T13-C-1","all","all","Light2",NA,NA,7
"433","natopen","NA","T13-C-2","all","all","Light1",NA,NA,1
"434","natopen","NA","T13-C-2","all","all","Light2",NA,NA,7
"435","natopen","NA","T13-C-3","all","all","Light1",NA,NA,1
"436","natopen","NA","T13-C-3","all","all","Light2",NA,NA,7
"437","natopen","NA","T13-C-4","all","all","Light1",NA,NA,1
"438","natopen","NA","T13-C-4","all","all","Light2",NA,NA,7
"439","natopen","NA","T13-C-5","all","all","Light1",4.80487804878049,2.8448275862069,1
"440","natopen","NA","T13-C-5","all","all","Light2",4.80487804878049,6.41547518923465,7
"441","natopen","NA","T13-C-6","all","all","Light1",5.16271373414231,4.24668059995082,1
"442","natopen","NA","T13-C-6","all","all","Light2",5.16271373414231,6.575,7
"443","natopen","NA","T13-C-7","all","all","Light1",4.30366363412835,3.04816269483219,1
"444","natopen","NA","T13-C-7","all","all","Light2",4.30366363412835,6.01515151515152,7
"445","natopen","NA","T13-C-8","all","all","Light1",4.97560975609756,3.33333333333333,1
"446","natopen","NA","T13-C-8","all","all","Light2",4.97560975609756,6.56896551724138,7
"447","natopen","NA","T13-C-9","all","all","Light1",5.1553101263667,4.20689655172414,1
"448","natopen","NA","T13-C-9","all","all","Light2",5.1553101263667,6.09090909090909,7
"449","natopen","NA","T13-C-10","all","all","Light1",NA,NA,1
"450","natopen","NA","T13-C-10","all","all","Light2",NA,NA,7
"451","natopen","NA","T13-C-11","all","all","Light1",NA,NA,1
"452","natopen","NA","T13-C-11","all","all","Light2",NA,NA,7
"453","natopen","NA","T13-C-12","all","all","Light1",NA,NA,1
"454","natopen","NA","T13-C-12","all","all","Light2",NA,NA,7
"455","natopen","NA","T13-C-13","all","all","Light1",NA,NA,1
"456","natopen","NA","T13-C-13","all","all","Light2",NA,NA,7
"457","natopen","NA","T13-C-14","all","all","Light1",NA,NA,1
"458","natopen","NA","T13-C-14","all","all","Light2",NA,NA,7
"459","natopen","NA","T13-C-15","all","all","Light1",NA,NA,1
"460","natopen","NA","T13-C-15","all","all","Light2",NA,NA,7
"461","natopen","NA","T15","all","all","Light1",4.41080038572806,3.43589060987415,1
"462","natopen","NA","T15","all","all","Light2",4.41080038572806,5.04019626926196,7
"463","natopen","NA","T15-Bratli21","all","all","Light1",4.09693101632748,3.74628486516753,1
"464","natopen","NA","T15-Bratli21","all","all","Light2",4.09693101632748,4.42374969513569,7
"465","natopen","NA","T16-C-1","all","all","Light1",5.01358735784965,4.32710977701544,1
"466","natopen","NA","T16-C-1","all","all","Light2",5.01358735784965,5.6754628350373,7
"467","natopen","NA","T16-C-2","all","all","Light1",5.11952974942249,4.50478596908442,1
"468","natopen","NA","T16-C-2","all","all","Light2",5.11952974942249,5.82273041474654,7
"469","natopen","NA","T16-C-3","all","all","Light1",4.92755311828257,4.17379890982777,1
"470","natopen","NA","T16-C-3","all","all","Light2",4.92755311828257,5.69660407496222,7
"471","natopen","NA","T16-C-4","all","all","Light1",4.9306281511168,4.23855055361156,1
"472","natopen","NA","T16-C-4","all","all","Light2",4.9306281511168,5.65293528267881,7
"473","natopen","NA","T16-C-5","all","all","Light1",4.85714285714286,4.24911635773705,1
"474","natopen","NA","T16-C-5","all","all","Light2",4.85714285714286,5.36822293014023,7
"475","natopen","NA","T16-C-6","all","all","Light1",4.72076023391813,4.05694070536668,1
"476","natopen","NA","T16-C-6","all","all","Light2",4.72076023391813,5.30088603501965,7
"477","natopen","NA","T16-C-7","all","all","Light1",5.41379310344828,4.57692307692308,1
"478","natopen","NA","T16-C-7","all","all","Light2",5.41379310344828,6.5,7
"479","natopen","NA","T18-C-1","all","all","Light1",5.21268026938052,4.65701625507971,1
"480","natopen","NA","T18-C-1","all","all","Light2",5.21268026938052,5.73342105263158,7
"481","natopen","NA","T18-C-2","all","all","Light1",5.24528301886792,4.52361751152074,1
"482","natopen","NA","T18-C-2","all","all","Light2",5.24528301886792,6.14533842580698,7
"483","natopen","NA","T18-C-3","all","all","Light1",NA,NA,1
"484","natopen","NA","T18-C-3","all","all","Light2",NA,NA,7
"485","natopen","NA","T18-C-4","all","all","Light1",NA,NA,1
"486","natopen","NA","T18-C-4","all","all","Light2",NA,NA,7
"487","natopen","NA","T21-C-1","all","all","Light1",6.28571428571429,4.8062015503876,1
"488","natopen","NA","T21-C-1","all","all","Light2",6.28571428571429,6.95396369985263,7
"489","natopen","NA","T21-C-2","all","all","Light1",6.22027879693178,5.75033827453272,1
"490","natopen","NA","T21-C-2","all","all","Light2",6.22027879693178,6.69563551921245,7
"491","natopen","NA","T21-C-3","all","all","Light1",5.46597465225188,4.8395840188212,1
"492","natopen","NA","T21-C-3","all","all","Light2",5.46597465225188,6.04301665965315,7
"493","natopen","NA","T21-C-4","all","all","Light1",5.495337995338,5.04551897878841,1
"494","natopen","NA","T21-C-4","all","all","Light2",5.495337995338,5.96955011798502,7
"495","natopen","NA","T21-7","all","all","Light1",5.65301003344482,5.04490530405356,1
"496","natopen","NA","T21-7","all","all","Light2",5.65301003344482,6.70012295081967,7
"497","natopen","NA","T24-C-1_samlet","all","all","Light1",5.59090327984959,4.90714316025726,1
"498","natopen","NA","T24-C-1_samlet","all","all","Light2",5.59090327984959,6.30396337276003,7
"499","natopen","NA","T24-C-2_samlet","all","all","Light1",5.47221269296741,4.64162786460442,1
"500","natopen","NA","T24-C-2_samlet","all","all","Light2",5.47221269296741,6.67237339591613,7
"501","natopen","NA","T24-C-1_Moere","all","all","Light1",5.58823529411765,4.77461823181049,1
"502","natopen","NA","T24-C-1_Moere","all","all","Light2",5.58823529411765,6.40463505911518,7
"503","natopen","NA","T24-C-1_Troendelag","all","all","Light1",5.54596233861688,4.71664317093961,1
"504","natopen","NA","T24-C-1_Troendelag","all","all","Light2",5.54596233861688,6.53547156988998,7
"505","natopen","NA","T24-C-1_Troms","all","all","Light1",5.28268825423297,4.5236003767518,1
"506","natopen","NA","T24-C-1_Troms","all","all","Light2",5.28268825423297,6.32372150338879,7
"507","natopen","NA","T24-C-1_Finnmark","all","all","Light1",5.75091185606207,4.67129455909944,1
"508","natopen","NA","T24-C-1_Finnmark","all","all","Light2",5.75091185606207,6.82513928876896,7
"509","natopen","NA","T24-C-2_Moere","all","all","Light1",5.28571428571429,4.29390756302521,1
"510","natopen","NA","T24-C-2_Moere","all","all","Light2",5.28571428571429,6.8,7
"511","natopen","NA","T24-C-2_Troendelag","all","all","Light1",5.36171836667939,4.50641642620295,1
"512","natopen","NA","T24-C-2_Troendelag","all","all","Light2",5.36171836667939,6.43790036848073,7
"513","natopen","NA","T24-C-2_Troms","all","all","Light1",6.28007782101167,5.49606733272637,1
"514","natopen","NA","T24-C-2_Troms","all","all","Light2",6.28007782101167,6.95223309739733,7
"515","natopen","NA","T24-C-2_Finnmark","all","all","Light1",5.38224848911002,4.5932678891768,1
"516","natopen","NA","T24-C-2_Finnmark","all","all","Light2",5.38224848911002,6.34582155539459,7
"517","natopen","NA","T29-C-1","all","all","Light1",5.05808080808081,4,1
"518","natopen","NA","T29-C-1","all","all","Light2",5.05808080808081,5.96570363466915,7
"519","natopen","NA","T29-C-2","all","all","Light1",4.99149640246276,4.14147657055883,1
"520","natopen","NA","T29-C-2","all","all","Light2",4.99149640246276,5.64831999029597,7
"521","natopen","NA","T29-C-3","all","all","Light1",5.9863179631576,5.49220160188853,1
"522","natopen","NA","T29-C-3","all","all","Light2",5.9863179631576,6.52014372069079,7
"523","natopen","NA","T29-C-4","all","all","Light1",6.16666666666667,5.56122301638871,1
"524","natopen","NA","T29-C-4","all","all","Light2",6.16666666666667,6.69354838709677,7
"525","natopen","NA","T29-C-5","all","all","Light1",5.76324969533201,4.96662686823708,1
"526","natopen","NA","T29-C-5","all","all","Light2",5.76324969533201,6.44489489610372,7
"527","natopen","NA","T29-C-6","all","all","Light1",6.07506667167487,5.31639928698752,1
"528","natopen","NA","T29-C-6","all","all","Light2",6.07506667167487,6.75782241014799,7
"529","natopen","NA","T2-C-1","all","all","Nitrogen1",2.62068965517241,1.65292179783035,1
"530","natopen","NA","T2-C-1","all","all","Nitrogen2",2.62068965517241,3.76214848143982,9
"531","natopen","NA","T2-C-2","all","all","Nitrogen1",2.29411764705882,1.28571428571429,1
"532","natopen","NA","T2-C-2","all","all","Nitrogen2",2.29411764705882,3.44,9
"533","natopen","NA","T2-C-3","all","all","Nitrogen1",3.2,1.81269357809998,1
"534","natopen","NA","T2-C-3","all","all","Nitrogen2",3.2,4.47826086956522,9
"535","natopen","NA","T2-C-4","all","all","Nitrogen1",2.97899474868717,1.85288201487492,1
"536","natopen","NA","T2-C-4","all","all","Nitrogen2",2.97899474868717,4.34632352941176,9
"537","natopen","NA","T2-C-5","all","all","Nitrogen1",3.52293290433168,2.55772564218342,1
"538","natopen","NA","T2-C-5","all","all","Nitrogen2",3.52293290433168,4.84972376573254,9
"539","natopen","NA","T2-C-6","all","all","Nitrogen1",3.21312021312021,2.47551300405631,1
"540","natopen","NA","T2-C-6","all","all","Nitrogen2",3.21312021312021,4.16905440862442,9
"541","natopen","NA","T2-C-7","all","all","Nitrogen1",3.41055656149047,2.92275720773388,1
"542","natopen","NA","T2-C-7","all","all","Nitrogen2",3.41055656149047,4.07051893938778,9
"543","natopen","NA","T2-C-8","all","all","Nitrogen1",3.12450316300763,2.77846343178622,1
"544","natopen","NA","T2-C-8","all","all","Nitrogen2",3.12450316300763,3.5475555127144,9
"545","natopen","NA","T2-C-7_BN","all","all","Nitrogen1",3.37234267090781,2.99069071978483,1
"546","natopen","NA","T2-C-7_BN","all","all","Nitrogen2",3.37234267090781,3.86588537619093,9
"547","natopen","NA","T2-C-8_BN","all","all","Nitrogen1",3.3789330538713,3.03148278878019,1
"548","natopen","NA","T2-C-8_BN","all","all","Nitrogen2",3.3789330538713,3.8302950395737,9
"549","natopen","NA","T8-C-1","all","all","Nitrogen1",4.90531887646205,3.75427631578947,1
"550","natopen","NA","T8-C-1","all","all","Nitrogen2",4.90531887646205,6.22479860365199,9
"551","natopen","NA","T8-C-2","all","all","Nitrogen1",NA,NA,1
"552","natopen","NA","T8-C-2","all","all","Nitrogen2",NA,NA,9
"553","natopen","NA","T8-C-3","all","all","Nitrogen1",4,2.38091133004926,1
"554","natopen","NA","T8-C-3","all","all","Nitrogen2",4,5.58632445141066,9
"555","natopen","NA","T11-C-1","all","all","Nitrogen1",NA,NA,1
"556","natopen","NA","T11-C-1","all","all","Nitrogen2",NA,NA,9
"557","natopen","NA","T11-C-2","all","all","Nitrogen1",NA,NA,1
"558","natopen","NA","T11-C-2","all","all","Nitrogen2",NA,NA,9
"559","natopen","NA","T12-C-1","all","all","Nitrogen1",6,4.06432748538012,1
"560","natopen","NA","T12-C-1","all","all","Nitrogen2",6,8.70396825396825,9
"561","natopen","NA","T12-C-2","all","all","Nitrogen1",4.62152750732343,3.73271348450658,1
"562","natopen","NA","T12-C-2","all","all","Nitrogen2",4.62152750732343,5.40652353013665,9
"563","natopen","NA","T13-C-1","all","all","Nitrogen1",NA,NA,1
"564","natopen","NA","T13-C-1","all","all","Nitrogen2",NA,NA,9
"565","natopen","NA","T13-C-2","all","all","Nitrogen1",NA,NA,1
"566","natopen","NA","T13-C-2","all","all","Nitrogen2",NA,NA,9
"567","natopen","NA","T13-C-3","all","all","Nitrogen1",NA,NA,1
"568","natopen","NA","T13-C-3","all","all","Nitrogen2",NA,NA,9
"569","natopen","NA","T13-C-4","all","all","Nitrogen1",NA,NA,1
"570","natopen","NA","T13-C-4","all","all","Nitrogen2",NA,NA,9
"571","natopen","NA","T13-C-5","all","all","Nitrogen1",3.86206896551724,3,1
"572","natopen","NA","T13-C-5","all","all","Nitrogen2",3.86206896551724,5.72413793103448,9
"573","natopen","NA","T13-C-6","all","all","Nitrogen1",3.90415326997138,3,1
"574","natopen","NA","T13-C-6","all","all","Nitrogen2",3.90415326997138,4.65064169722368,9
"575","natopen","NA","T13-C-7","all","all","Nitrogen1",3.5,1.87216312056738,1
"576","natopen","NA","T13-C-7","all","all","Nitrogen2",3.5,6.04282622139765,9
"577","natopen","NA","T13-C-8","all","all","Nitrogen1",3.78048780487805,3,1
"578","natopen","NA","T13-C-8","all","all","Nitrogen2",3.78048780487805,4.80487804878049,9
"579","natopen","NA","T13-C-9","all","all","Nitrogen1",3.69078444775039,2.47689024390244,1
"580","natopen","NA","T13-C-9","all","all","Nitrogen2",3.69078444775039,4.71551724137931,9
"581","natopen","NA","T13-C-10","all","all","Nitrogen1",NA,NA,1
"582","natopen","NA","T13-C-10","all","all","Nitrogen2",NA,NA,9
"583","natopen","NA","T13-C-11","all","all","Nitrogen1",NA,NA,1
"584","natopen","NA","T13-C-11","all","all","Nitrogen2",NA,NA,9
"585","natopen","NA","T13-C-12","all","all","Nitrogen1",NA,NA,1
"586","natopen","NA","T13-C-12","all","all","Nitrogen2",NA,NA,9
"587","natopen","NA","T13-C-13","all","all","Nitrogen1",NA,NA,1
"588","natopen","NA","T13-C-13","all","all","Nitrogen2",NA,NA,9
"589","natopen","NA","T13-C-14","all","all","Nitrogen1",NA,NA,1
"590","natopen","NA","T13-C-14","all","all","Nitrogen2",NA,NA,9
"591","natopen","NA","T13-C-15","all","all","Nitrogen1",NA,NA,1
"592","natopen","NA","T13-C-15","all","all","Nitrogen2",NA,NA,9
"593","natopen","NA","T15","all","all","Nitrogen1",5.57932875667429,4.74456382978723,1
"594","natopen","NA","T15","all","all","Nitrogen2",5.57932875667429,6.51023683723315,9
"595","natopen","NA","T15-Bratli21","all","all","Nitrogen1",5.14939419497342,4.70453643242497,1
"596","natopen","NA","T15-Bratli21","all","all","Nitrogen2",5.14939419497342,5.64250413349052,9
"597","natopen","NA","T16-C-1","all","all","Nitrogen1",3.74621212121212,2.49460132890365,1
"598","natopen","NA","T16-C-1","all","all","Nitrogen2",3.74621212121212,4.91819517476028,9
"599","natopen","NA","T16-C-2","all","all","Nitrogen1",3.73153153153153,2.60973313503199,1
"600","natopen","NA","T16-C-2","all","all","Nitrogen2",3.73153153153153,4.93474436503573,9
"601","natopen","NA","T16-C-3","all","all","Nitrogen1",3.76145068611592,2.82273088873914,1
"602","natopen","NA","T16-C-3","all","all","Nitrogen2",3.76145068611592,4.42366595922418,9
"603","natopen","NA","T16-C-4","all","all","Nitrogen1",3.61676344357485,2.54837700921654,1
"604","natopen","NA","T16-C-4","all","all","Nitrogen2",3.61676344357485,4.56953915816753,9
"605","natopen","NA","T16-C-5","all","all","Nitrogen1",5.29392566426048,4.20011126895295,1
"606","natopen","NA","T16-C-5","all","all","Nitrogen2",5.29392566426048,6.3510936431989,9
"607","natopen","NA","T16-C-6","all","all","Nitrogen1",5.29148471615721,4.11100747656599,1
"608","natopen","NA","T16-C-6","all","all","Nitrogen2",5.29148471615721,6.40207043343653,9
"609","natopen","NA","T16-C-7","all","all","Nitrogen1",4.16666666666667,2.99880952380952,1
"610","natopen","NA","T16-C-7","all","all","Nitrogen2",4.16666666666667,5.7,9
"611","natopen","NA","T18-C-1","all","all","Nitrogen1",4.59308196607925,3.0565529357255,1
"612","natopen","NA","T18-C-1","all","all","Nitrogen2",4.59308196607925,5.83446840731631,9
"613","natopen","NA","T18-C-2","all","all","Nitrogen1",5.28158729378212,4.27638070343089,1
"614","natopen","NA","T18-C-2","all","all","Nitrogen2",5.28158729378212,6.44189167075765,9
"615","natopen","NA","T18-C-3","all","all","Nitrogen1",NA,NA,1
"616","natopen","NA","T18-C-3","all","all","Nitrogen2",NA,NA,9
"617","natopen","NA","T18-C-4","all","all","Nitrogen1",NA,NA,1
"618","natopen","NA","T18-C-4","all","all","Nitrogen2",NA,NA,9
"619","natopen","NA","T21-C-1","all","all","Nitrogen1",5.76923076923077,3.58898775156714,1
"620","natopen","NA","T21-C-1","all","all","Nitrogen2",5.76923076923077,8.46935508625453,9
"621","natopen","NA","T21-C-2","all","all","Nitrogen1",4.88473408101573,4.23089310836065,1
"622","natopen","NA","T21-C-2","all","all","Nitrogen2",4.88473408101573,5.66586654505458,9
"623","natopen","NA","T21-C-3","all","all","Nitrogen1",3.89629450054227,3.14281634138678,1
"624","natopen","NA","T21-C-3","all","all","Nitrogen2",3.89629450054227,4.73504405001747,9
"625","natopen","NA","T21-C-4","all","all","Nitrogen1",3.863205628762,2.23678213752677,1
"626","natopen","NA","T21-C-4","all","all","Nitrogen2",3.863205628762,5.55261157110868,9
"627","natopen","NA","T21-7","all","all","Nitrogen1",3.7772895600284,2.5360569553706,1
"628","natopen","NA","T21-7","all","all","Nitrogen2",3.7772895600284,4.76688630047154,9
"629","natopen","NA","T24-C-1_samlet","all","all","Nitrogen1",6.41276272804672,5.04199013794649,1
"630","natopen","NA","T24-C-1_samlet","all","all","Nitrogen2",6.41276272804672,7.6137011207002,9
"631","natopen","NA","T24-C-2_samlet","all","all","Nitrogen1",6.47721762309481,4.61117899771312,1
"632","natopen","NA","T24-C-2_samlet","all","all","Nitrogen2",6.47721762309481,8.20362519023823,9
"633","natopen","NA","T24-C-1_Moere","all","all","Nitrogen1",6.30831568580753,4.90607015695393,1
"634","natopen","NA","T24-C-1_Moere","all","all","Nitrogen2",6.30831568580753,7.5946705581321,9
"635","natopen","NA","T24-C-1_Troendelag","all","all","Nitrogen1",6.24035694425461,4.715816169904,1
"636","natopen","NA","T24-C-1_Troendelag","all","all","Nitrogen2",6.24035694425461,7.35784676296554,9
"637","natopen","NA","T24-C-1_Troms","all","all","Nitrogen1",6.09683670917729,4.55035844989221,1
"638","natopen","NA","T24-C-1_Troms","all","all","Nitrogen2",6.09683670917729,7.63178947368421,9
"639","natopen","NA","T24-C-1_Finnmark","all","all","Nitrogen1",6.09954280355206,4.36064529921396,1
"640","natopen","NA","T24-C-1_Finnmark","all","all","Nitrogen2",6.09954280355206,8.06359532057165,9
"641","natopen","NA","T24-C-2_Moere","all","all","Nitrogen1",6.16666666666667,4.4,1
"642","natopen","NA","T24-C-2_Moere","all","all","Nitrogen2",6.16666666666667,7.84615384615385,9
"643","natopen","NA","T24-C-2_Troendelag","all","all","Nitrogen1",5.75660361364866,4.53294689688238,1
"644","natopen","NA","T24-C-2_Troendelag","all","all","Nitrogen2",5.75660361364866,7.76944444444444,9
"645","natopen","NA","T24-C-2_Troms","all","all","Nitrogen1",7.59616456255645,6.23540511119175,1
"646","natopen","NA","T24-C-2_Troms","all","all","Nitrogen2",7.59616456255645,8.74294369843067,9
"647","natopen","NA","T24-C-2_Finnmark","all","all","Nitrogen1",6.09878048780488,4.78322649806384,1
"648","natopen","NA","T24-C-2_Finnmark","all","all","Nitrogen2",6.09878048780488,7.51768524314942,9
"649","natopen","NA","T29-C-1","all","all","Nitrogen1",5,3.77777777777778,1
"650","natopen","NA","T29-C-1","all","all","Nitrogen2",5,6.56047368421053,9
"651","natopen","NA","T29-C-2","all","all","Nitrogen1",4.45212958040907,3.66292523639384,1
"652","natopen","NA","T29-C-2","all","all","Nitrogen2",4.45212958040907,5.22528883183569,9
"653","natopen","NA","T29-C-3","all","all","Nitrogen1",3.17855067088904,2.5761554057895,1
"654","natopen","NA","T29-C-3","all","all","Nitrogen2",3.17855067088904,3.74590124823453,9
"655","natopen","NA","T29-C-4","all","all","Nitrogen1",3.58136735676456,2.89465102974828,1
"656","natopen","NA","T29-C-4","all","all","Nitrogen2",3.58136735676456,4.50662040510128,9
"657","natopen","NA","T29-C-5","all","all","Nitrogen1",6.19520871743961,4.85355642984055,1
"658","natopen","NA","T29-C-5","all","all","Nitrogen2",6.19520871743961,7.34292754864356,9
"659","natopen","NA","T29-C-6","all","all","Nitrogen1",5.47494868652264,3.35487492182614,1
"660","natopen","NA","T29-C-6","all","all","Nitrogen2",5.47494868652264,7.47740066225165,9
"661","natopen","NA","T2-C-1","all","all","Soil_disturbance1",3.39491525423729,2.07394636015326,1
"662","natopen","NA","T2-C-1","all","all","Soil_disturbance2",3.39491525423729,4.80016574585635,9
"663","natopen","NA","T2-C-2","all","all","Soil_disturbance1",3.8,2,1
"664","natopen","NA","T2-C-2","all","all","Soil_disturbance2",3.8,6.5,9
"665","natopen","NA","T2-C-3","all","all","Soil_disturbance1",3.74296583450281,2.15554790628551,1
"666","natopen","NA","T2-C-3","all","all","Soil_disturbance2",3.74296583450281,5.5794514124956,9
"667","natopen","NA","T2-C-4","all","all","Soil_disturbance1",5.32495285983658,3.47003042596349,1
"668","natopen","NA","T2-C-4","all","all","Soil_disturbance2",5.32495285983658,7.11768207282913,9
"669","natopen","NA","T2-C-5","all","all","Soil_disturbance1",4.28150917994924,2.90879232188703,1
"670","natopen","NA","T2-C-5","all","all","Soil_disturbance2",4.28150917994924,5.62890519946212,9
"671","natopen","NA","T2-C-6","all","all","Soil_disturbance1",5.17061994609164,3.24300864351099,1
"672","natopen","NA","T2-C-6","all","all","Soil_disturbance2",5.17061994609164,6.75076219512195,9
"673","natopen","NA","T2-C-7","all","all","Soil_disturbance1",4.07231750679774,3.10012978094831,1
"674","natopen","NA","T2-C-7","all","all","Soil_disturbance2",4.07231750679774,5.09478962852737,9
"675","natopen","NA","T2-C-8","all","all","Soil_disturbance1",5.06386253685259,4.03932051282051,1
"676","natopen","NA","T2-C-8","all","all","Soil_disturbance2",5.06386253685259,5.88668322958273,9
"677","natopen","NA","T2-C-7_BN","all","all","Soil_disturbance1",4.09541742537107,2.89962860780985,1
"678","natopen","NA","T2-C-7_BN","all","all","Soil_disturbance2",4.09541742537107,5.30740658767455,9
"679","natopen","NA","T2-C-8_BN","all","all","Soil_disturbance1",4.33934754071187,3.17074787420464,1
"680","natopen","NA","T2-C-8_BN","all","all","Soil_disturbance2",4.33934754071187,5.54142547158598,9
"681","natopen","NA","T8-C-1","all","all","Soil_disturbance1",4.31542898341745,2.59966275659824,1
"682","natopen","NA","T8-C-1","all","all","Soil_disturbance2",4.31542898341745,6.55746701319472,9
"683","natopen","NA","T8-C-2","all","all","Soil_disturbance1",NA,NA,1
"684","natopen","NA","T8-C-2","all","all","Soil_disturbance2",NA,NA,9
"685","natopen","NA","T8-C-3","all","all","Soil_disturbance1",3.81152993348115,2.42820197044335,1
"686","natopen","NA","T8-C-3","all","all","Soil_disturbance2",3.81152993348115,5.53333333333333,9
"687","natopen","NA","T11-C-1","all","all","Soil_disturbance1",NA,NA,1
"688","natopen","NA","T11-C-1","all","all","Soil_disturbance2",NA,NA,9
"689","natopen","NA","T11-C-2","all","all","Soil_disturbance1",NA,NA,1
"690","natopen","NA","T11-C-2","all","all","Soil_disturbance2",NA,NA,9
"691","natopen","NA","T12-C-1","all","all","Soil_disturbance1",3.7156862745098,2,1
"692","natopen","NA","T12-C-1","all","all","Soil_disturbance2",3.7156862745098,8.48290598290598,9
"693","natopen","NA","T12-C-2","all","all","Soil_disturbance1",3.26200910016522,2.5516421331204,1
"694","natopen","NA","T12-C-2","all","all","Soil_disturbance2",3.26200910016522,4.18753529625261,9
"695","natopen","NA","T13-C-1","all","all","Soil_disturbance1",NA,NA,1
"696","natopen","NA","T13-C-1","all","all","Soil_disturbance2",NA,NA,9
"697","natopen","NA","T13-C-2","all","all","Soil_disturbance1",NA,NA,1
"698","natopen","NA","T13-C-2","all","all","Soil_disturbance2",NA,NA,9
"699","natopen","NA","T13-C-3","all","all","Soil_disturbance1",NA,NA,1
"700","natopen","NA","T13-C-3","all","all","Soil_disturbance2",NA,NA,9
"701","natopen","NA","T13-C-4","all","all","Soil_disturbance1",NA,NA,1
"702","natopen","NA","T13-C-4","all","all","Soil_disturbance2",NA,NA,9
"703","natopen","NA","T13-C-5","all","all","Soil_disturbance1",3.19512195121951,1.78048780487805,1
"704","natopen","NA","T13-C-5","all","all","Soil_disturbance2",3.19512195121951,5.24390243902439,9
"705","natopen","NA","T13-C-6","all","all","Soil_disturbance1",4.45222803535991,2.76464756258235,1
"706","natopen","NA","T13-C-6","all","all","Soil_disturbance2",4.45222803535991,6.26668934240363,9
"707","natopen","NA","T13-C-7","all","all","Soil_disturbance1",4,2.33333333333333,1
"708","natopen","NA","T13-C-7","all","all","Soil_disturbance2",4,5.75757575757576,9
"709","natopen","NA","T13-C-8","all","all","Soil_disturbance1",3.43103448275862,2.56896551724138,1
"710","natopen","NA","T13-C-8","all","all","Soil_disturbance2",3.43103448275862,5.4390243902439,9
"711","natopen","NA","T13-C-9","all","all","Soil_disturbance1",4.01010101010101,2.57537225705329,1
"712","natopen","NA","T13-C-9","all","all","Soil_disturbance2",4.01010101010101,5.74091547736639,9
"713","natopen","NA","T13-C-10","all","all","Soil_disturbance1",NA,NA,1
"714","natopen","NA","T13-C-10","all","all","Soil_disturbance2",NA,NA,9
"715","natopen","NA","T13-C-11","all","all","Soil_disturbance1",NA,NA,1
"716","natopen","NA","T13-C-11","all","all","Soil_disturbance2",NA,NA,9
"717","natopen","NA","T13-C-12","all","all","Soil_disturbance1",NA,NA,1
"718","natopen","NA","T13-C-12","all","all","Soil_disturbance2",NA,NA,9
"719","natopen","NA","T13-C-13","all","all","Soil_disturbance1",NA,NA,1
"720","natopen","NA","T13-C-13","all","all","Soil_disturbance2",NA,NA,9
"721","natopen","NA","T13-C-14","all","all","Soil_disturbance1",NA,NA,1
"722","natopen","NA","T13-C-14","all","all","Soil_disturbance2",NA,NA,9
"723","natopen","NA","T13-C-15","all","all","Soil_disturbance1",NA,NA,1
"724","natopen","NA","T13-C-15","all","all","Soil_disturbance2",NA,NA,9
"725","natopen","NA","T15","all","all","Soil_disturbance1",2.34619666048237,1.65696570134282,1
"726","natopen","NA","T15","all","all","Soil_disturbance2",2.34619666048237,3.24000122473974,9
"727","natopen","NA","T15-Bratli21","all","all","Soil_disturbance1",2.17096016842163,1.88883448896758,1
"728","natopen","NA","T15-Bratli21","all","all","Soil_disturbance2",2.17096016842163,2.60672158500092,9
"729","natopen","NA","T16-C-1","all","all","Soil_disturbance1",3.40419725202334,2.34746376811594,1
"730","natopen","NA","T16-C-1","all","all","Soil_disturbance2",3.40419725202334,4.75909961685824,9
"731","natopen","NA","T16-C-2","all","all","Soil_disturbance1",3.26452692424703,2.3387576707249,1
"732","natopen","NA","T16-C-2","all","all","Soil_disturbance2",3.26452692424703,4.45656262633687,9
"733","natopen","NA","T16-C-3","all","all","Soil_disturbance1",3.7678672570797,2.86354094378904,1
"734","natopen","NA","T16-C-3","all","all","Soil_disturbance2",3.7678672570797,4.8719998672107,9
"735","natopen","NA","T16-C-4","all","all","Soil_disturbance1",4.0003015681544,3.01601367243575,1
"736","natopen","NA","T16-C-4","all","all","Soil_disturbance2",4.0003015681544,5.16377399774139,9
"737","natopen","NA","T16-C-5","all","all","Soil_disturbance1",3.07998500136836,2.22478155294979,1
"738","natopen","NA","T16-C-5","all","all","Soil_disturbance2",3.07998500136836,4.47907601110638,9
"739","natopen","NA","T16-C-6","all","all","Soil_disturbance1",2.93597501463986,2.2637760559005,1
"740","natopen","NA","T16-C-6","all","all","Soil_disturbance2",2.93597501463986,4.0746318257405,9
"741","natopen","NA","T16-C-7","all","all","Soil_disturbance1",3.89230769230769,2.21695652173913,1
"742","natopen","NA","T16-C-7","all","all","Soil_disturbance2",3.89230769230769,6.20108108108108,9
"743","natopen","NA","T18-C-1","all","all","Soil_disturbance1",2.60935499047454,1.81250803561983,1
"744","natopen","NA","T18-C-1","all","all","Soil_disturbance2",2.60935499047454,4.28179450757576,9
"745","natopen","NA","T18-C-2","all","all","Soil_disturbance1",5.15764165856433,3.37275703497654,1
"746","natopen","NA","T18-C-2","all","all","Soil_disturbance2",5.15764165856433,6.6857162373146,9
"747","natopen","NA","T18-C-3","all","all","Soil_disturbance1",NA,NA,1
"748","natopen","NA","T18-C-3","all","all","Soil_disturbance2",NA,NA,9
"749","natopen","NA","T18-C-4","all","all","Soil_disturbance1",NA,NA,1
"750","natopen","NA","T18-C-4","all","all","Soil_disturbance2",NA,NA,9
"751","natopen","NA","T21-C-1","all","all","Soil_disturbance1",4.54983570646221,2.16332232033214,1
"752","natopen","NA","T21-C-1","all","all","Soil_disturbance2",4.54983570646221,8.41277222792849,9
"753","natopen","NA","T21-C-2","all","all","Soil_disturbance1",3.67994343927076,2.94400309315183,1
"754","natopen","NA","T21-C-2","all","all","Soil_disturbance2",3.67994343927076,4.65637277142585,9
"755","natopen","NA","T21-C-3","all","all","Soil_disturbance1",3.32034896015564,2.64946534797943,1
"756","natopen","NA","T21-C-3","all","all","Soil_disturbance2",3.32034896015564,4.32331844358865,9
"757","natopen","NA","T21-C-4","all","all","Soil_disturbance1",3.33519423121656,2.19353996462562,1
"758","natopen","NA","T21-C-4","all","all","Soil_disturbance2",3.33519423121656,5.37307699788008,9
"759","natopen","NA","T21-7","all","all","Soil_disturbance1",3.15448757445061,2.1758200165367,1
"760","natopen","NA","T21-7","all","all","Soil_disturbance2",3.15448757445061,5.27305194805195,9
"761","natopen","NA","T24-C-1_samlet","all","all","Soil_disturbance1",4.87167456732088,2.8375875009767,1
"762","natopen","NA","T24-C-1_samlet","all","all","Soil_disturbance2",4.87167456732088,6.88996305197833,9
"763","natopen","NA","T24-C-2_samlet","all","all","Soil_disturbance1",6.15295027141489,2.93660483218092,1
"764","natopen","NA","T24-C-2_samlet","all","all","Soil_disturbance2",6.15295027141489,8.43097610856535,9
"765","natopen","NA","T24-C-1_Moere","all","all","Soil_disturbance1",4.3831188120455,2.38931233276115,1
"766","natopen","NA","T24-C-1_Moere","all","all","Soil_disturbance2",4.3831188120455,6.9601718426501,9
"767","natopen","NA","T24-C-1_Troendelag","all","all","Soil_disturbance1",3.65694812191408,2.06573906810871,1
"768","natopen","NA","T24-C-1_Troendelag","all","all","Soil_disturbance2",3.65694812191408,6.4760123181471,9
"769","natopen","NA","T24-C-1_Troms","all","all","Soil_disturbance1",4.31054318952093,2.143558309414,1
"770","natopen","NA","T24-C-1_Troms","all","all","Soil_disturbance2",4.31054318952093,7.59932998955461,9
"771","natopen","NA","T24-C-1_Finnmark","all","all","Soil_disturbance1",5.74136008918618,2.44525544514084,1
"772","natopen","NA","T24-C-1_Finnmark","all","all","Soil_disturbance2",5.74136008918618,8.37471315686045,9
"773","natopen","NA","T24-C-2_Moere","all","all","Soil_disturbance1",5.88888888888889,2.14253246753247,1
"774","natopen","NA","T24-C-2_Moere","all","all","Soil_disturbance2",5.88888888888889,8.28857142857143,9
"775","natopen","NA","T24-C-2_Troendelag","all","all","Soil_disturbance1",5.27561121782227,2.37357956593842,1
"776","natopen","NA","T24-C-2_Troendelag","all","all","Soil_disturbance2",5.27561121782227,7.71816770186335,9
"777","natopen","NA","T24-C-2_Troms","all","all","Soil_disturbance1",7.1390977443609,5.04492126929041,1
"778","natopen","NA","T24-C-2_Troms","all","all","Soil_disturbance2",7.1390977443609,8.82461575746092,9
"779","natopen","NA","T24-C-2_Finnmark","all","all","Soil_disturbance1",4.26841571323902,2.28830198476806,1
"780","natopen","NA","T24-C-2_Finnmark","all","all","Soil_disturbance2",4.26841571323902,6.83178403784316,9
"781","natopen","NA","T29-C-1","all","all","Soil_disturbance1",4.47607318789585,2.69207317073171,1
"782","natopen","NA","T29-C-1","all","all","Soil_disturbance2",4.47607318789585,6.25041666666667,9
"783","natopen","NA","T29-C-2","all","all","Soil_disturbance1",2.94699887658482,2.20394017341533,1
"784","natopen","NA","T29-C-2","all","all","Soil_disturbance2",2.94699887658482,3.82872912613127,9
"785","natopen","NA","T29-C-3","all","all","Soil_disturbance1",4.37231819387151,3.2943681718708,1
"786","natopen","NA","T29-C-3","all","all","Soil_disturbance2",4.37231819387151,5.51339991713076,9
"787","natopen","NA","T29-C-4","all","all","Soil_disturbance1",4.44591836734694,3.11994117647059,1
"788","natopen","NA","T29-C-4","all","all","Soil_disturbance2",4.44591836734694,5.9376926369863,9
"789","natopen","NA","T29-C-5","all","all","Soil_disturbance1",4.59640672115404,2.78990024254467,1
"790","natopen","NA","T29-C-5","all","all","Soil_disturbance2",4.59640672115404,6.32666832250025,9
"791","natopen","NA","T29-C-6","all","all","Soil_disturbance1",4.6,2.45792852185982,1
"792","natopen","NA","T29-C-6","all","all","Soil_disturbance2",4.6,7,9
"793","natopen","T2","T2-C-7","all","all","aliens",100,95,0
"794","natopen","T2","T2-C-8","all","all","aliens",100,95,0
"795","natopen","T2","T2-C-7","all","all","erosion",100,93.75,0
"796","natopen","T2","T2-C-8","all","all","erosion",100,93.75,0
"797","natopen","T2","T2-C-7","all","all","shrub",90,75,25
"798","natopen","T2","T2-C-8","all","all","shrub",90,75,25
